iso_code,continent,location,date,total_cases,new_cases,new_cases_smoothed,total_deaths,new_deaths,new_deaths_smoothed,total_cases_per_million,new_cases_per_million,new_cases_smoothed_per_million,total_deaths_per_million,new_deaths_per_million,new_deaths_smoothed_per_million,reproduction_rate,icu_patients,icu_patients_per_million,hosp_patients,hosp_patients_per_million,weekly_icu_admissions,weekly_icu_admissions_per_million,weekly_hosp_admissions,weekly_hosp_admissions_per_million,total_tests,new_tests,total_tests_per_thousand,new_tests_per_thousand,new_tests_smoothed,new_tests_smoothed_per_thousand,positive_rate,tests_per_case,tests_units,total_vaccinations,people_vaccinated,people_fully_vaccinated,total_boosters,new_vaccinations,new_vaccinations_smoothed,total_vaccinations_per_hundred,people_vaccinated_per_hundred,people_fully_vaccinated_per_hundred,total_boosters_per_hundred,new_vaccinations_smoothed_per_million,new_people_vaccinated_smoothed,new_people_vaccinated_smoothed_per_hundred,stringency_index,population_density,median_age,aged_65_older,aged_70_older,gdp_per_capita,extreme_poverty,cardiovasc_death_rate,diabetes_prevalence,female_smokers,male_smokers,handwashing_facilities,hospital_beds_per_thousand,life_expectancy,human_development_index,population,excess_mortality_cumulative_absolute,excess_mortality_cumulative,excess_mortality,excess_mortality_cumulative_per_million
BRA,South America,Brazil,2021-12-31,22230737,0,3102.43,618392,0,113.0,105706.41,0.0,14.75,2940.43,0.0,0.54,1.48,,,,,,,,,66100617,,308.41,,50248.0,0.23,,,tests performed,331273910,166195505,143436012,26571077,109869,380809.0,153.86,77.19,66.62,12.34,1769.0,40966.0,0.02,61.57,25.04,33.5,8.55,5.06,14103.45,3.4,177.96,8.11,10.1,17.9,,2.2,75.88,0.76,215313504,666455.6,24.27,15.83,3109.54
BRA,South America,Brazil,2023-12-31,37511921,0,0.0,702116,0,0.0,178367.94,0.0,0.0,3338.54,0.0,0.0,,,,,,,,,,,,,,,,,,,,,,,,,,,,,,,,,25.04,33.5,8.55,5.06,14103.45,3.4,177.96,8.11,10.1,17.9,,2.2,75.88,0.76,215313504,879105.5,15.8,3.87,4061.99
FRO,Europe,Faroe Islands,2021-01-29,,,,,,,,,,,,,,,,,,,,,,,,,,,,,,,3994,3993,1,,,,7.52,7.52,0.0,,,,,27.78,35.31,,,,,,,,,,,,80.67,,53117,,,,
FRO,Europe,Faroe Islands,2021-01-29,655,0,0.43,1,0,0.0,12120.88,0.0,7.93,18.5,0.0,0.0,,,,,,,,,,,,,,,,,,,,,,,,,,,,,,,,,35.31,,,,,,,,,,,,80.67,,53117,,,,
IND,Asia,India,2021-12-31,34786802,0,6646.71,479682,0,322.86,24404.54,0.0,4.66,336.52,0.0,0.23,2.1,,,,,,,,,677878255,1432860,481.6,1.02,1152634.0,0.82,0.01,98.7,samples tested,1448865422,845640601,603224821,,10147925,6329836.0,102.24,59.67,42.57,,4467.0,1557545.0,0.11,68.64,450.42,28.2,5.99,3.41,6426.67,21.2,282.28,10.39,1.9,20.6,59.55,0.53,69.66,0.64,1417173120,,,,
IND,Asia,India,2023-12-31,45013172,4552,650.29,533361,28,4.0,31578.81,3.19,0.46,374.18,0.02,0.0,,,,,,,,,,,,,,,,,,,,,,,,127.0,,,,,0.0,37.0,0.0,,450.42,28.2,5.99,3.41,6426.67,21.2,282.28,10.39,1.9,20.6,59.55,0.53,69.66,0.64,1417173120,,,,
ZAF,Africa,South Africa,2021-12-31,3407937,0,16475.43,90773,0,61.14,54633.27,0.0,264.12,1455.2,0.0,0.98,0.78,730,12.19,9401,156.96,,,,,21231024,43160,357.47,0.73,35719.0,0.6,0.26,3.8,people tested,,,,,,21881.0,,,,,365.0,12298.0,0.02,44.44,46.75,27.3,5.34,3.05,12294.88,18.9,200.38,5.52,8.1,33.2,43.99,2.32,64.13,0.71,59893884,,,,
ZAF,Africa,South Africa,2023-12-31,4072636,0,0.0,102595,0,0.0,65289.18,0.0,0.0,1644.72,0.0,0.0,,,,,,,,,,,,,,,,,,,,,,,,,,,,,,,,,46.75,27.3,5.34,3.05,12294.88,18.9,200.38,5.52,8.1,33.2,43.99,2.32,64.13,0.71,59893884,309067.7,14.83,1.42,5115.79
USA,North America,United States,2021-12-31,51878860,0,202488.43,812587,0,1571.57,151899.53,0.0,592.88,2379.23,0.0,4.6,1.64,18382,54.34,93776,277.21,,,92322,272.91,726359152,2017702,2155.38,5.99,1810562.0,5.37,0.26,3.8,tests performed,521797692,244104717,210360591,77816104,620908,1086427.0,157.16,73.52,63.36,23.44,3272.0,276722.0,0.08,47.65,35.61,38.3,15.41,9.73,54225.45,1.2,151.09,10.79,19.1,24.6,,2.77,78.86,0.93,338289856,,,,
USA,North America,United States,2023-12-31,103436829,,,1164476,2232,318.86,302859.5,,,3409.55,6.54,0.93,,3367,9.95,29498,87.2,,,36113,106.75,,,,,,,,,,,,,,,,,,,,,,,,35.61,38.3,15.41,9.73,54225.45,1.2,151.09,10.79,19.1,24.6,,2.77,78.86,0.93,338289856,1349000.4,11.35,5.84,3967.69
OWID_WRL,,World,2021-12-31,280613650,0,870046.71,5446878,0,6653.71,35123.91,0.0,108.9,681.78,0.0,0.83,1.49,,,,,,,,,,,,,,,,,,9178232402,4558247611,3879378976,536090135,35457786,35763353.0,115.09,57.16,48.64,6.72,4484.0,6988745.0,0.09,,58.04,30.9,8.7,5.36,15469.21,10.0,233.07,8.51,6.43,34.64,60.13,2.7,72.58,0.74,7975105024,,,,
OWID_WRL,,World,2023-12-31,773803507,262564,37509.14,7014856,3882,554.57,96855.59,32.86,4.7,878.04,0.49,0.07,,,,,,,,,,,,,,,,,,,13575762689,5631195233,5177907088,2814761711,39541,54528.0,170.23,70.61,64.93,35.29,7.0,8306.0,0.0,,58.04,30.9,8.7,5.36,15469.21,10.0,233.07,8.51,6.43,34.64,60.13,2.7,72.58,0.74,7975105024,,,,
