date_key,full_date,year,quarter,month,year_month,year_month_label,day_of_week
20210401,2021-04-01,2021,2,4,202104,2021-04,5
20210402,2021-04-02,2021,2,4,202104,2021-04,6
20210403,2021-04-03,2021,2,4,202104,2021-04,7
20210404,2021-04-04,2021,2,4,202104,2021-04,1
20210405,2021-04-05,2021,2,4,202104,2021-04,2
20210406,2021-04-06,2021,2,4,202104,2021-04,3
20210407,2021-04-07,2021,2,4,202104,2021-04,4
20210408,2021-04-08,2021,2,4,202104,2021-04,5
20210409,2021-04-09,2021,2,4,202104,2021-04,6
20210410,2021-04-10,2021,2,4,202104,2021-04,7
20210411,2021-04-11,2021,2,4,202104,2021-04,1
20210412,2021-04-12,2021,2,4,202104,2021-04,2
20210413,2021-04-13,2021,2,4,202104,2021-04,3
20210414,2021-04-14,2021,2,4,202104,2021-04,4
20210415,2021-04-15,2021,2,4,202104,2021-04,5
20210416,2021-04-16,2021,2,4,202104,2021-04,6
20210417,2021-04-17,2021,2,4,202104,2021-04,7
20210418,2021-04-18,2021,2,4,202104,2021-04,1
20210419,2021-04-19,2021,2,4,202104,2021-04,2
20210420,2021-04-20,2021,2,4,202104,2021-04,3
20210421,2021-04-21,2021,2,4,202104,2021-04,4
20210422,2021-04-22,2021,2,4,202104,2021-04,5
20210423,2021-04-23,2021,2,4,202104,2021-04,6
20210424,2021-04-24,2021,2,4,202104,2021-04,7
20210425,2021-04-25,2021,2,4,202104,2021-04,1
20210426,2021-04-26,2021,2,4,202104,2021-04,2
20210427,2021-04-27,2021,2,4,202104,2021-04,3
20210428,2021-04-28,2021,2,4,202104,2021-04,4
20210429,2021-04-29,2021,2,4,202104,2021-04,5
20210430,2021-04-30,2021,2,4,202104,2021-04,6
20210501,2021-05-01,2021,2,5,202105,2021-05,7
20210502,2021-05-02,2021,2,5,202105,2021-05,1
20210503,2021-05-03,2021,2,5,202105,2021-05,2
20210504,2021-05-04,2021,2,5,202105,2021-05,3
20210505,2021-05-05,2021,2,5,202105,2021-05,4
20210506,2021-05-06,2021,2,5,202105,2021-05,5
20210507,2021-05-07,2021,2,5,202105,2021-05,6
20210508,2021-05-08,2021,2,5,202105,2021-05,7
20210509,2021-05-09,2021,2,5,202105,2021-05,1
20210510,2021-05-10,2021,2,5,202105,2021-05,2
20210511,2021-05-11,2021,2,5,202105,2021-05,3
20210512,2021-05-12,2021,2,5,202105,2021-05,4
20210513,2021-05-13,2021,2,5,202105,2021-05,5
20210514,2021-05-14,2021,2,5,202105,2021-05,6
20210515,2021-05-15,2021,2,5,202105,2021-05,7
20210516,2021-05-16,2021,2,5,202105,2021-05,1
20210517,2021-05-17,2021,2,5,202105,2021-05,2
20210518,2021-05-18,2021,2,5,202105,2021-05,3
20210519,2021-05-19,2021,2,5,202105,2021-05,4
20210520,2021-05-20,2021,2,5,202105,2021-05,5
20210521,2021-05-21,2021,2,5,202105,2021-05,6
20210522,2021-05-22,2021,2,5,202105,2021-05,7
20210523,2021-05-23,2021,2,5,202105,2021-05,1
20210524,2021-05-24,2021,2,5,202105,2021-05,2
20210525,2021-05-25,2021,2,5,202105,2021-05,3
20210526,2021-05-26,2021,2,5,202105,2021-05,4
20210527,2021-05-27,2021,2,5,202105,2021-05,5
20210528,2021-05-28,2021,2,5,202105,2021-05,6
20210529,2021-05-29,2021,2,5,202105,2021-05,7
20210530,2021-05-30,2021,2,5,202105,2021-05,1
20210531,2021-05-31,2021,2,5,202105,2021-05,2
