date_key,country_key,obs_date,new_cases,new_deaths,total_cases,total_deaths,people_vaccinated,people_fully_vaccinated,total_boosters,total_vaccinations,stringency_index,excess_mortality_cum_per_million,dq_cases_revised_down,dq_vax_over_population,source_rows
20210401,98,2021-04-01,0,0,11971624,161552,59148798,9640340,,68789138,57.87,,0,0,1
20210402,98,2021-04-02,0,0,11971624,161552,63081589,9972706,,73054295,57.87,,0,0,1
20210403,98,2021-04-03,0,0,11971624,161552,65739470,10240181,,75979651,74.54,,0,0,1
20210404,98,2021-04-04,513885,3071,12485509,164623,68678838,10426325,,79105163,74.54,,0,0,1
20210405,98,2021-04-05,0,0,12485509,164623,72277309,10833617,,83110926,69.91,,0,0,1
20210406,98,2021-04-06,0,0,12485509,164623,75937015,11140459,,87077474,69.91,,0,0,1
20210407,98,2021-04-07,0,0,12485509,164623,78763027,11435646,,90198673,69.91,,0,0,1
20210408,98,2021-04-08,0,0,12485509,164623,82456522,11877740,,94334262,69.91,,0,0,1
20210409,98,2021-04-09,0,0,12485509,164623,85763852,12311308,,98075160,69.91,,0,0,1
20210410,98,2021-04-10,0,0,12485509,164623,88885961,12709186,,101595147,69.91,,0,0,1
20210411,98,2021-04-11,873296,4652,13358805,169275,91587400,12941165,,104528565,69.91,,0,0,1
20210412,98,2021-04-12,0,0,13358805,169275,95043039,13490046,,108533085,69.91,,0,0,1
20210413,98,2021-04-13,0,0,13358805,169275,97301914,13877664,,111179578,69.91,,0,0,1
20210414,98,2021-04-14,0,0,13358805,169275,100179199,14314039,,114493238,69.91,,0,0,1
20210415,98,2021-04-15,0,0,13358805,169275,102349255,14874254,,117223509,69.91,,0,0,1
20210416,98,2021-04-16,0,0,13358805,169275,104408484,15529157,,119937641,69.91,,0,0,1
20210417,98,2021-04-17,0,0,13358805,169275,106431076,16191514,,122622590,69.91,,0,0,1
20210418,98,2021-04-18,1429304,7875,14788109,177150,107371770,16480796,,123852566,69.91,,0,0,1
20210419,98,2021-04-19,0,0,14788109,177150,109659181,17469932,,127129113,73.61,,0,0,1
20210420,98,2021-04-20,0,0,14788109,177150,,,,,73.61,,0,0,1
20210421,98,2021-04-21,0,0,14788109,177150,111673361,17972744,,129646105,73.61,,0,0,1
20210422,98,2021-04-22,0,0,14788109,177150,113584269,19170339,,132754608,73.61,,0,0,1
20210423,98,2021-04-23,0,0,14788109,177150,,,,,73.61,,0,0,1
20210424,98,2021-04-24,0,0,14788109,177150,,,,,73.61,,0,0,1
20210425,98,2021-04-25,2172063,15161,16960172,192311,117795008,21390165,,139185173,73.61,,0,0,1
20210426,98,2021-04-26,0,0,16960172,192311,119886252,22638695,,142524947,73.61,,0,0,1
20210427,98,2021-04-27,0,0,16960172,192311,121263287,23615946,,144879233,73.61,,0,0,1
20210428,98,2021-04-28,0,0,16960172,192311,122538179,24515213,,147053392,73.61,,0,0,1
20210429,98,2021-04-29,0,0,16960172,192311,123811908,25456864,,149268772,73.61,,0,0,1
20210430,98,2021-04-30,0,0,16960172,192311,125376952,26621155,,151998107,73.61,,0,0,1
20210501,98,2021-05-01,0,0,16960172,192311,126328970,27297355,,153626325,73.61,,0,0,1
20210502,98,2021-05-02,2597285,23231,19557457,215542,126704151,27507360,,154211511,73.61,,0,0,1
20210503,98,2021-05-03,0,0,19557457,215542,127696675,28385461,,156082136,73.61,,0,0,1
20210504,98,2021-05-04,0,0,19557457,215542,128627919,29122833,,157750752,73.61,,0,0,1
20210505,98,2021-05-05,0,0,19557457,215542,129730641,30200597,,159931238,73.61,,0,0,1
20210506,98,2021-05-06,0,0,19557457,215542,131058890,31544713,,162603603,73.61,,0,0,1
20210507,98,2021-05-07,0,0,19557457,215542,132294827,32895173,,165190000,73.61,,0,0,1
20210508,98,2021-05-08,0,0,19557457,215542,133366482,34127375,,167493857,73.61,,0,0,1
20210509,98,2021-05-09,2738957,26820,22296414,242362,133854676,34450192,,168304868,73.61,,0,0,1
20210510,98,2021-05-10,0,0,22296414,242362,135192013,35906905,,171098918,81.94,,0,0,1
20210511,98,2021-05-11,0,0,22296414,242362,136557345,37305298,,173862643,81.94,,0,0,1
20210512,98,2021-05-12,0,0,22296414,242362,137805245,38240332,,176045577,81.94,,0,0,1
20210513,98,2021-05-13,0,0,22296414,242362,139087590,39274256,,178361846,81.94,,0,0,1
20210514,98,2021-05-14,0,0,22296414,242362,139861462,39784951,,179646413,81.94,,0,0,1
20210515,98,2021-05-15,0,0,22296414,242362,141132112,40412424,,181544536,81.94,,0,0,1
20210516,98,2021-05-16,2387663,27922,24684077,270284,141764335,40486671,,182251006,81.94,,0,0,1
20210517,98,2021-05-17,0,0,24684077,270284,143090218,40726986,,183817204,81.94,,0,0,1
20210518,98,2021-05-18,0,0,24684077,270284,144270200,40921402,,185191602,81.94,,0,0,1
20210519,98,2021-05-19,0,0,24684077,270284,145333606,41076994,,186410600,81.94,,0,0,1
20210520,98,2021-05-20,0,0,24684077,270284,146624652,41262233,,187886885,81.94,,0,0,1
20210521,98,2021-05-21,0,0,24684077,270284,,,,,81.94,,0,0,1
20210522,98,2021-05-22,0,0,24684077,270284,149219616,41622881,,190842497,81.94,,0,0,1
20210523,98,2021-05-23,1846055,28982,26530132,299266,150033188,41686052,,191719240,81.94,,0,0,1
20210524,98,2021-05-24,0,0,26530132,299266,152301505,41864206,,194165711,81.94,,0,0,1
20210525,98,2021-05-25,0,0,26530132,299266,153511379,41995400,,195506779,81.94,,0,0,1
20210526,98,2021-05-26,0,0,26530132,299266,156189641,42235974,,198425615,81.94,,0,0,1
20210527,98,2021-05-27,0,0,26530132,299266,158783606,42419560,,201203166,81.94,,0,0,1
20210528,98,2021-05-28,0,0,26530132,299266,160605562,42561240,,203166802,81.94,,0,0,1
20210529,98,2021-05-29,0,0,26530132,299266,164158704,42930249,,207088953,81.94,,0,0,1
20210530,98,2021-05-30,1364668,26706,27894800,325972,165598013,43067110,,208665123,81.94,,0,0,1
20210531,98,2021-05-31,0,0,27894800,325972,167191085,43258810,,210449895,81.94,,0,0,1
