country_key,year_month,new_cases,new_deaths,total_cases_eom,total_deaths_eom,people_vaccinated_eom,people_fully_vaccinated_eom,total_boosters_eom,avg_stringency
30,202101,1669953,32178,9118513,222666,2084119,,,68.12
30,202102,1337117,30169,10455630,252835,6542206,1923197,,71.66
30,202103,1948784,54277,12404414,307112,17745732,5093555,,68.92
30,202104,1832664,79304,14237078,386416,31696792,15702358,,66.85
30,202105,2154852,72629,16391930,459045,46328168,22337479,,60.11
30,202106,1930830,52097,18322760,511142,75097273,26642477,,61.76
30,202107,1309683,37198,19632443,548340,105083580,41507968,,57.66
30,202108,1071463,29986,20703906,578326,136127045,62698760,,51.75
30,202109,623710,15337,21327616,593663,151420924,91430204,1095300,56.4
30,202110,465785,13799,21793401,607462,159589151,116117550,8798263,51.05
30,202111,274229,6495,22067630,613957,163926497,133911230,16537956,45.43
30,202112,163107,4435,22230737,618392,166195505,143436012,26571077,57.88
74,202101,1536291,38945,3880724,129420,9296367,494209,,86.89
74,202102,366566,18223,4247290,147643,20275451,815816,,87.5
74,202103,157973,4568,4405263,152211,31147444,4513458,,79.75
74,202104,81511,1265,4486774,153476,34362205,14957313,,64.51
74,202105,84316,544,4571090,154020,39477158,25734719,,61.15
74,202106,258295,404,4829385,154424,44860978,33048199,,52.87
74,202107,981431,1264,5810816,155688,46816382,38322171,,48.28
74,202108,1062571,3464,6873387,159152,48087908,42909987,,43.98
74,202109,949736,4130,7823123,163282,48863490,44901832,868202,42.03
74,202110,1409681,4949,9232804,168231,49987325,45712351,8115229,42.46
74,202111,1113975,4316,10346779,172547,50994257,46399306,18608124,43.6
74,202112,2228000,3612,12574779,176159,51786768,47434251,34091798,42.73
98,202101,558333,6652,10746183,154274,3758843,,,65.48
98,202102,350548,2777,11096731,157051,11845075,2456191,,61.9
98,202103,874893,4501,11971624,161552,55783201,9334695,,59.3
98,202104,4988548,30759,16960172,192311,125376952,26621155,,70.9
98,202105,10934628,133661,27894800,325972,167191085,43258810,,79.52
98,202106,2338383,69779,30233183,395751,271410023,57748116,,81.94
98,202107,1138718,24800,31371901,420551,359820313,101698166,,79.91
98,202108,1323129,17279,32695030,437830,497002083,147797142,,71.79
98,202109,957715,9088,33652745,446918,648949043,237476249,,64.7
98,202110,620555,11268,34273300,458186,733542729,329088622,,59.47
98,202111,299223,10368,34572523,468554,789054196,448000946,,52.61
98,202112,214279,11128,34786802,479682,845640601,603224821,,57.51
108,202101,172206,2441,389518,5654,,,,49.36
108,202102,43255,2206,432773,7860,28530,,,49.64
108,202103,35841,1171,468614,9031,877159,125580,,44.11
108,202104,98249,882,566863,9913,3228304,1042998,,45.37
108,202105,177624,3054,744487,12967,12752937,4080676,,49.07
108,202106,51269,1702,795756,14669,34975112,18338048,,53.27
108,202107,74689,460,870445,15129,58261038,41354724,,51.09
108,202108,583919,817,1454364,15946,75193352,61416788,,51.12
108,202109,240311,1536,1694675,17482,91428256,78441620,,51.63
108,202110,28189,786,1722864,18268,99609069,93853277,,47.22
108,202111,4279,90,1727143,18358,100808589,98849160,,47.22
108,202112,4646,29,1731789,18387,101215832,99712082,1043564,47.22
225,202101,6972587,109203,25863033,452123,29904700,7439022,,71.76
225,202102,2467058,67730,28330091,519853,56236747,30163870,11,68.32
225,202103,1602108,31380,29932199,551233,108836606,64852669,44,62.83
225,202104,1779222,19851,31711421,571084,153123692,115074274,137,54.53
225,202105,1193501,20075,32904922,591159,173638666,147117126,234,57.27
225,202106,366941,9162,33271863,600321,183541437,163820348,316,56.92
225,202107,965153,7241,34237016,607562,193250303,171307489,408,49.45
225,202108,4291462,31255,38528478,638817,206865219,181157998,1631373,51.81
225,202109,4056569,50768,42585047,689585,215414801,191115499,6373019,52.38
225,202110,3054638,55144,45639685,744729,222040977,197453679,23237588,52.22
225,202111,2336661,30902,47976346,775631,233810596,202533633,49162080,51.47
225,202112,3902514,36956,51878860,812587,244104717,210360591,77816104,48.84
237,202101,454325,17430,1449236,43951,,,,62.96
237,202102,62989,5990,1512225,49941,70527,70527,,57.04
237,202103,32241,2707,1544466,52648,263878,263878,,48.15
237,202104,29904,1477,1574370,54125,317656,317656,,45.83
237,202105,84700,2238,1659070,56363,1045104,479768,,45.37
237,202106,254791,3415,1913861,59778,3026636,,,51.33
237,202107,454244,9710,2368105,69488,5921627,2835930,,68.28
237,202108,389086,11973,2757191,81461,9418185,5985293,,51.85
237,202109,138785,5540,2895976,87001,12593276,8819130,,47.84
237,202110,25910,2162,2921886,89163,15329097,12317435,,48.15
237,202111,36662,628,2958548,89791,17260202,14475754,,49.08
237,202112,449389,982,3407937,90773,18905708,15833594,,56.57
